model,cv_accuracy_mean,cv_precision_mean,cv_recall_mean,cv_f1_mean,cv_roc_auc_mean,cv_pr_auc_mean
RandomForest,0.9933333333333334,0.99374965731831,0.9978947368421054,0.9958059204860943,0.9999052631578949,0.999972327868138
GradientBoosting,0.9949999999999999,0.996875,0.996842105263158,0.9968475581041026,0.9995684210526316,0.999883073587684
LogisticRegression,0.9916666666666666,0.9957945737790596,0.9936842105263158,0.994722779259518,0.9995157894736841,0.9998701894308079
